{
  "proc_name": "Intel(R) Pentium(R) Gold 7505 @ 2.00 GHz",
  "debug_classic_ms": 491.558200,
  "release": {
    "classic_ms":       167.018200,
    "transpose_ms":     160.835900,
    "transpose_noT_ms": 159.394700,
    "buffered_ms":       85.149100,
    "block_ms":          82.662500,
    "buffered_M_values": [1, 2, 4, 8, 16],
    "buffered_M_times_ms": [174.551500, 101.513800, 87.674800, 69.587700, 57.526800],
    "block_S_values": [1, 2, 4, 8, 16, 32, 64, 128, 256],
    "block_S_times_ms": [1449.952100, 452.600000, 157.927300, 100.286500, 76.603400, 73.763700, 70.783700, 70.827400, 69.755400],
    "block_M_values": [1, 2, 4, 8, 16],
    "block_M_times_ms": [175.089100, 124.632500, 71.440000, 49.808800, 53.674900],
    "sweep_N_values": [32, 64, 128, 256, 512, 1024, 2048],
    "sweep_classic_ms":   [0.029900, 0.278000, 2.389000, 19.554800, 158.545900, 4624.120500, 82006.271800],
    "sweep_transpose_ms": [0.021900, 0.194800, 2.089300, 16.807400, 145.826200, 1282.888200, 19511.935400],
    "sweep_buffered_ms":  [0.024100, 0.164000, 1.392600, 6.599200,  59.161700,  524.126300,  11886.934100],
    "sweep_block_ms":     [0.045200, 0.182300, 1.438300, 9.058700,  59.780400,  430.923800,  11067.805700]
  }
}
